{
  "v": "4.8.0",
  "meta": {
    "g": "LottieFiles AE 1.0.0",
    "a": "",
    "k": "",
    "d": "",
    "tc": "#FFFFFF"
  },
  "fr": 29.9700012207031,
  "ip": 0,
  "op": 60.0000024438501,
  "w": 100,
  "h": 100,
  "nm": "loader",
  "ddd": 0,
  "assets": [
    {
      "id": "comp_0",
      "layers": [
        {
          "ddd": 0,
          "ind": 1,
          "ty": 4,
          "nm": "Shape Layer 2",
          "sr": 1,
          "ks": {
            "o": {
              "a": 0,
              "k": 100,
              "ix": 11
            },
            "r": {
              "a": 1,
              "k": [
                {
                  "i": {
                    "x": [
                      0.833
                    ],
                    "y": [
                      0.836
                    ]
                  },
                  "o": {
                    "x": [
                      0.167
                    ],
                    "y": [
                      0.164
                    ]
                  },
                  "t": 0,
                  "s": [
                    0
                  ]
                },
                {
                  "t": 59.0000024031193,
                  "s": [
                    360
                  ]
                }
              ],
              "ix": 10
            },
            "p": {
              "a": 0,
              "k": [
                62,
                62,
                0
              ],
              "ix": 2
            },
            "a": {
              "a": 0,
              "k": [
                0.576,
                4.576,
                0
              ],
              "ix": 1
            },
            "s": {
              "a": 0,
              "k": [
                100,
                100,
                100
              ],
              "ix": 6
            }
          },
          "ao": 0,
          "shapes": [
            {
              "ty": "gr",
              "it": [
                {
                  "d": 1,
                  "ty": "el",
                  "s": {
                    "a": 0,
                    "k": [
                      89.152,
                      89.152
                    ],
                    "ix": 2
                  },
                  "p": {
                    "a": 0,
                    "k": [
                      0,
                      0
                    ],
                    "ix": 3
                  },
                  "nm": "Ellipse Path 1",
                  "mn": "ADBE Vector Shape - Ellipse",
                  "hd": false
                },
                {
                  "ty": "tm",
                  "s": {
                    "a": 1,
                    "k": [
                      {
                        "i": {
                          "x": [
                            0.667
                          ],
                          "y": [
                            1
                          ]
                        },
                        "o": {
                          "x": [
                            0.333
                          ],
                          "y": [
                            0
                          ]
                        },
                        "t": 0,
                        "s": [
                          50.1
                        ]
                      },
                      {
                        "i": {
                          "x": [
                            0.667
                          ],
                          "y": [
                            1
                          ]
                        },
                        "o": {
                          "x": [
                            0.333
                          ],
                          "y": [
                            0
                          ]
                        },
                        "t": 30,
                        "s": [
                          70.1
                        ]
                      },
                      {
                        "t": 59.0000024031193,
                        "s": [
                          50.1
                        ]
                      }
                    ],
                    "ix": 1
                  },
                  "e": {
                    "a": 1,
                    "k": [
                      {
                        "i": {
                          "x": [
                            0.667
                          ],
                          "y": [
                            1
                          ]
                        },
                        "o": {
                          "x": [
                            0.333
                          ],
                          "y": [
                            0
                          ]
                        },
                        "t": 0,
                        "s": [
                          49.9
                        ]
                      },
                      {
                        "i": {
                          "x": [
                            0.667
                          ],
                          "y": [
                            1
                          ]
                        },
                        "o": {
                          "x": [
                            0.333
                          ],
                          "y": [
                            0
                          ]
                        },
                        "t": 30,
                        "s": [
                          29.9
                        ]
                      },
                      {
                        "t": 59.0000024031193,
                        "s": [
                          49.9
                        ]
                      }
                    ],
                    "ix": 2
                  },
                  "o": {
                    "a": 1,
                    "k": [
                      {
                        "i": {
                          "x": [
                            0.833
                          ],
                          "y": [
                            0.836
                          ]
                        },
                        "o": {
                          "x": [
                            0.167
                          ],
                          "y": [
                            0.164
                          ]
                        },
                        "t": 0,
                        "s": [
                          0
                        ]
                      },
                      {
                        "t": 59.0000024031193,
                        "s": [
                          360
                        ]
                      }
                    ],
                    "ix": 3
                  },
                  "m": 1,
                  "ix": 2,
                  "nm": "Trim Paths 1",
                  "mn": "ADBE Vector Filter - Trim",
                  "hd": false
                },
                {
                  "ty": "st",
                  "c": {
                    "a": 0,
                    "k": [
                      0.2627,
                      0.102,
                      0,
                      1
                    ],
                    "ix": 3
                  },
                  "o": {
                    "a": 0,
                    "k": 100,
                    "ix": 4
                  },
                  "w": {
                    "a": 0,
                    "k": 18,
                    "ix": 5
                  },
                  "lc": 2,
                  "lj": 2,
                  "bm": 0,
                  "nm": "Stroke 1",
                  "mn": "ADBE Vector Graphic - Stroke",
                  "hd": false
                },
                {
                  "ty": "tr",
                  "p": {
                    "a": 0,
                    "k": [
                      0.576,
                      4.576
                    ],
                    "ix": 2
                  },
                  "a": {
                    "a": 0,
                    "k": [
                      0,
                      0
                    ],
                    "ix": 1
                  },
                  "s": {
                    "a": 0,
                    "k": [
                      100,
                      100
                    ],
                    "ix": 3
                  },
                  "r": {
                    "a": 0,
                    "k": 0,
                    "ix": 6
                  },
                  "o": {
                    "a": 0,
                    "k": 100,
                    "ix": 7
                  },
                  "sk": {
                    "a": 0,
                    "k": 0,
                    "ix": 4
                  },
                  "sa": {
                    "a": 0,
                    "k": 0,
                    "ix": 5
                  },
                  "nm": "Transform"
                }
              ],
              "nm": "Ellipse 1",
              "np": 3,
              "cix": 2,
              "bm": 0,
              "ix": 1,
              "mn": "ADBE Vector Group",
              "hd": false
            }
          ],
          "ip": 0,
          "op": 90.0000036657751,
          "st": 0,
          "bm": 0
        },
        {
          "ddd": 0,
          "ind": 2,
          "ty": 4,
          "nm": "Shape Layer 3",
          "sr": 1,
          "ks": {
            "o": {
              "a": 0,
              "k": 100,
              "ix": 11
            },
            "r": {
              "a": 1,
              "k": [
                {
                  "i": {
                    "x": [
                      0.833
                    ],
                    "y": [
                      0.836
                    ]
                  },
                  "o": {
                    "x": [
                      0.167
                    ],
                    "y": [
                      0.164
                    ]
                  },
                  "t": 0,
                  "s": [
                    0
                  ]
                },
                {
                  "t": 59.0000024031193,
                  "s": [
                    360
                  ]
                }
              ],
              "ix": 10
            },
            "p": {
              "a": 0,
              "k": [
                62,
                62,
                0
              ],
              "ix": 2
            },
            "a": {
              "a": 0,
              "k": [
                0.576,
                4.576,
                0
              ],
              "ix": 1
            },
            "s": {
              "a": 0,
              "k": [
                100,
                100,
                100
              ],
              "ix": 6
            }
          },
          "ao": 0,
          "shapes": [
            {
              "ty": "gr",
              "it": [
                {
                  "d": 1,
                  "ty": "el",
                  "s": {
                    "a": 0,
                    "k": [
                      89.152,
                      89.152
                    ],
                    "ix": 2
                  },
                  "p": {
                    "a": 0,
                    "k": [
                      0,
                      0
                    ],
                    "ix": 3
                  },
                  "nm": "Ellipse Path 1",
                  "mn": "ADBE Vector Shape - Ellipse",
                  "hd": false
                },
                {
                  "ty": "tm",
                  "s": {
                    "a": 1,
                    "k": [
                      {
                        "i": {
                          "x": [
                            0.667
                          ],
                          "y": [
                            1
                          ]
                        },
                        "o": {
                          "x": [
                            0.333
                          ],
                          "y": [
                            0
                          ]
                        },
                        "t": 0,
                        "s": [
                          50.1
                        ]
                      },
                      {
                        "i": {
                          "x": [
                            0.667
                          ],
                          "y": [
                            1
                          ]
                        },
                        "o": {
                          "x": [
                            0.333
                          ],
                          "y": [
                            0
                          ]
                        },
                        "t": 30,
                        "s": [
                          70.1
                        ]
                      },
                      {
                        "t": 59.0000024031193,
                        "s": [
                          50.1
                        ]
                      }
                    ],
                    "ix": 1
                  },
                  "e": {
                    "a": 1,
                    "k": [
                      {
                        "i": {
                          "x": [
                            0.667
                          ],
                          "y": [
                            1
                          ]
                        },
                        "o": {
                          "x": [
                            0.333
                          ],
                          "y": [
                            0
                          ]
                        },
                        "t": 0,
                        "s": [
                          49.9
                        ]
                      },
                      {
                        "i": {
                          "x": [
                            0.667
                          ],
                          "y": [
                            1
                          ]
                        },
                        "o": {
                          "x": [
                            0.333
                          ],
                          "y": [
                            0
                          ]
                        },
                        "t": 30,
                        "s": [
                          19.9
                        ]
                      },
                      {
                        "t": 59.0000024031193,
                        "s": [
                          49.9
                        ]
                      }
                    ],
                    "ix": 2
                  },
                  "o": {
                    "a": 1,
                    "k": [
                      {
                        "i": {
                          "x": [
                            0.833
                          ],
                          "y": [
                            0.836
                          ]
                        },
                        "o": {
                          "x": [
                            0.167
                          ],
                          "y": [
                            0.164
                          ]
                        },
                        "t": 0,
                        "s": [
                          0
                        ]
                      },
                      {
                        "t": 59.0000024031193,
                        "s": [
                          360
                        ]
                      }
                    ],
                    "ix": 3
                  },
                  "m": 1,
                  "ix": 2,
                  "nm": "Trim Paths 1",
                  "mn": "ADBE Vector Filter - Trim",
                  "hd": false
                },
                {
                  "ty": "st",
                  "c": {
                    "a": 0,
                    "k": [
                      0.6486,
                      0.416,
                      0.2714,
                      1
                    ],
                    "ix": 3
                  },
                  "o": {
                    "a": 0,
                    "k": 100,
                    "ix": 4
                  },
                  "w": {
                    "a": 0,
                    "k": 18,
                    "ix": 5
                  },
                  "lc": 2,
                  "lj": 2,
                  "bm": 0,
                  "nm": "Stroke 1",
                  "mn": "ADBE Vector Graphic - Stroke",
                  "hd": false
                },
                {
                  "ty": "tr",
                  "p": {
                    "a": 0,
                    "k": [
                      0.576,
                      4.576
                    ],
                    "ix": 2
                  },
                  "a": {
                    "a": 0,
                    "k": [
                      0,
                      0
                    ],
                    "ix": 1
                  },
                  "s": {
                    "a": 0,
                    "k": [
                      100,
                      100
                    ],
                    "ix": 3
                  },
                  "r": {
                    "a": 0,
                    "k": 0,
                    "ix": 6
                  },
                  "o": {
                    "a": 0,
                    "k": 100,
                    "ix": 7
                  },
                  "sk": {
                    "a": 0,
                    "k": 0,
                    "ix": 4
                  },
                  "sa": {
                    "a": 0,
                    "k": 0,
                    "ix": 5
                  },
                  "nm": "Transform"
                }
              ],
              "nm": "Ellipse 1",
              "np": 3,
              "cix": 2,
              "bm": 0,
              "ix": 1,
              "mn": "ADBE Vector Group",
              "hd": false
            }
          ],
          "ip": 0,
          "op": 90.0000036657751,
          "st": 0,
          "bm": 0
        },
        {
          "ddd": 0,
          "ind": 3,
          "ty": 4,
          "nm": "Shape Layer 4",
          "sr": 1,
          "ks": {
            "o": {
              "a": 0,
              "k": 100,
              "ix": 11
            },
            "r": {
              "a": 1,
              "k": [
                {
                  "i": {
                    "x": [
                      0.833
                    ],
                    "y": [
                      0.836
                    ]
                  },
                  "o": {
                    "x": [
                      0.167
                    ],
                    "y": [
                      0.164
                    ]
                  },
                  "t": 0,
                  "s": [
                    0
                  ]
                },
                {
                  "t": 59.0000024031193,
                  "s": [
                    360
                  ]
                }
              ],
              "ix": 10
            },
            "p": {
              "a": 0,
              "k": [
                62,
                62,
                0
              ],
              "ix": 2
            },
            "a": {
              "a": 0,
              "k": [
                0.576,
                4.576,
                0
              ],
              "ix": 1
            },
            "s": {
              "a": 0,
              "k": [
                100,
                100,
                100
              ],
              "ix": 6
            }
          },
          "ao": 0,
          "shapes": [
            {
              "ty": "gr",
              "it": [
                {
                  "d": 1,
                  "ty": "el",
                  "s": {
                    "a": 0,
                    "k": [
                      89.152,
                      89.152
                    ],
                    "ix": 2
                  },
                  "p": {
                    "a": 0,
                    "k": [
                      0,
                      0
                    ],
                    "ix": 3
                  },
                  "nm": "Ellipse Path 1",
                  "mn": "ADBE Vector Shape - Ellipse",
                  "hd": false
                },
                {
                  "ty": "tm",
                  "s": {
                    "a": 1,
                    "k": [
                      {
                        "i": {
                          "x": [
                            0.667
                          ],
                          "y": [
                            1
                          ]
                        },
                        "o": {
                          "x": [
                            0.333
                          ],
                          "y": [
                            0
                          ]
                        },
                        "t": 0,
                        "s": [
                          50.1
                        ]
                      },
                      {
                        "i": {
                          "x": [
                            0.667
                          ],
                          "y": [
                            1
                          ]
                        },
                        "o": {
                          "x": [
                            0.333
                          ],
                          "y": [
                            0
                          ]
                        },
                        "t": 30,
                        "s": [
                          70.1
                        ]
                      },
                      {
                        "t": 59.0000024031193,
                        "s": [
                          50.1
                        ]
                      }
                    ],
                    "ix": 1
                  },
                  "e": {
                    "a": 1,
                    "k": [
                      {
                        "i": {
                          "x": [
                            0.667
                          ],
                          "y": [
                            1
                          ]
                        },
                        "o": {
                          "x": [
                            0.333
                          ],
                          "y": [
                            0
                          ]
                        },
                        "t": 0,
                        "s": [
                          49.9
                        ]
                      },
                      {
                        "i": {
                          "x": [
                            0.667
                          ],
                          "y": [
                            1
                          ]
                        },
                        "o": {
                          "x": [
                            0.333
                          ],
                          "y": [
                            0
                          ]
                        },
                        "t": 30,
                        "s": [
                          9.9
                        ]
                      },
                      {
                        "t": 59.0000024031193,
                        "s": [
                          49.9
                        ]
                      }
                    ],
                    "ix": 2
                  },
                  "o": {
                    "a": 1,
                    "k": [
                      {
                        "i": {
                          "x": [
                            0.833
                          ],
                          "y": [
                            0.836
                          ]
                        },
                        "o": {
                          "x": [
                            0.167
                          ],
                          "y": [
                            0.164
                          ]
                        },
                        "t": 0,
                        "s": [
                          0
                        ]
                      },
                      {
                        "t": 59.0000024031193,
                        "s": [
                          360
                        ]
                      }
                    ],
                    "ix": 3
                  },
                  "m": 1,
                  "ix": 2,
                  "nm": "Trim Paths 1",
                  "mn": "ADBE Vector Filter - Trim",
                  "hd": false
                },
                {
                  "ty": "st",
                  "c": {
                    "a": 0,
                    "k": [
                      0.966,
                      0.4968,
                      0.354,
                      1
                    ],
                    "ix": 3
                  },
                  "o": {
                    "a": 0,
                    "k": 100,
                    "ix": 4
                  },
                  "w": {
                    "a": 0,
                    "k": 18,
                    "ix": 5
                  },
                  "lc": 2,
                  "lj": 2,
                  "bm": 0,
                  "nm": "Stroke 1",
                  "mn": "ADBE Vector Graphic - Stroke",
                  "hd": false
                },
                {
                  "ty": "tr",
                  "p": {
                    "a": 0,
                    "k": [
                      0.576,
                      4.576
                    ],
                    "ix": 2
                  },
                  "a": {
                    "a": 0,
                    "k": [
                      0,
                      0
                    ],
                    "ix": 1
                  },
                  "s": {
                    "a": 0,
                    "k": [
                      100,
                      100
                    ],
                    "ix": 3
                  },
                  "r": {
                    "a": 0,
                    "k": 0,
                    "ix": 6
                  },
                  "o": {
                    "a": 0,
                    "k": 100,
                    "ix": 7
                  },
                  "sk": {
                    "a": 0,
                    "k": 0,
                    "ix": 4
                  },
                  "sa": {
                    "a": 0,
                    "k": 0,
                    "ix": 5
                  },
                  "nm": "Transform"
                }
              ],
              "nm": "Ellipse 1",
              "np": 3,
              "cix": 2,
              "bm": 0,
              "ix": 1,
              "mn": "ADBE Vector Group",
              "hd": false
            }
          ],
          "ip": 0,
          "op": 90.0000036657751,
          "st": 0,
          "bm": 0
        },
        {
          "ddd": 0,
          "ind": 4,
          "ty": 4,
          "nm": "Shape Layer 1",
          "sr": 1,
          "ks": {
            "o": {
              "a": 0,
              "k": 100,
              "ix": 11
            },
            "r": {
              "a": 1,
              "k": [
                {
                  "i": {
                    "x": [
                      0.833
                    ],
                    "y": [
                      0.836
                    ]
                  },
                  "o": {
                    "x": [
                      0.167
                    ],
                    "y": [
                      0.164
                    ]
                  },
                  "t": 0,
                  "s": [
                    0
                  ]
                },
                {
                  "t": 59.0000024031193,
                  "s": [
                    360
                  ]
                }
              ],
              "ix": 10
            },
            "p": {
              "a": 0,
              "k": [
                62,
                62,
                0
              ],
              "ix": 2
            },
            "a": {
              "a": 0,
              "k": [
                0.576,
                4.576,
                0
              ],
              "ix": 1
            },
            "s": {
              "a": 0,
              "k": [
                100,
                100,
                100
              ],
              "ix": 6
            }
          },
          "ao": 0,
          "shapes": [
            {
              "ty": "gr",
              "it": [
                {
                  "d": 1,
                  "ty": "el",
                  "s": {
                    "a": 0,
                    "k": [
                      89.152,
                      89.152
                    ],
                    "ix": 2
                  },
                  "p": {
                    "a": 0,
                    "k": [
                      0,
                      0
                    ],
                    "ix": 3
                  },
                  "nm": "Ellipse Path 1",
                  "mn": "ADBE Vector Shape - Ellipse",
                  "hd": false
                },
                {
                  "ty": "tm",
                  "s": {
                    "a": 1,
                    "k": [
                      {
                        "i": {
                          "x": [
                            0.667
                          ],
                          "y": [
                            1
                          ]
                        },
                        "o": {
                          "x": [
                            0.333
                          ],
                          "y": [
                            0
                          ]
                        },
                        "t": 0,
                        "s": [
                          50.1
                        ]
                      },
                      {
                        "i": {
                          "x": [
                            0.667
                          ],
                          "y": [
                            1
                          ]
                        },
                        "o": {
                          "x": [
                            0.333
                          ],
                          "y": [
                            0
                          ]
                        },
                        "t": 30,
                        "s": [
                          70.1
                        ]
                      },
                      {
                        "t": 59.0000024031193,
                        "s": [
                          50.1
                        ]
                      }
                    ],
                    "ix": 1
                  },
                  "e": {
                    "a": 1,
                    "k": [
                      {
                        "i": {
                          "x": [
                            0.667
                          ],
                          "y": [
                            1
                          ]
                        },
                        "o": {
                          "x": [
                            0.333
                          ],
                          "y": [
                            0
                          ]
                        },
                        "t": 0,
                        "s": [
                          49.9
                        ]
                      },
                      {
                        "i": {
                          "x": [
                            0.667
                          ],
                          "y": [
                            1
                          ]
                        },
                        "o": {
                          "x": [
                            0.333
                          ],
                          "y": [
                            0
                          ]
                        },
                        "t": 30,
                        "s": [
                          0
                        ]
                      },
                      {
                        "t": 59.0000024031193,
                        "s": [
                          49.9
                        ]
                      }
                    ],
                    "ix": 2
                  },
                  "o": {
                    "a": 1,
                    "k": [
                      {
                        "i": {
                          "x": [
                            0.833
                          ],
                          "y": [
                            0.836
                          ]
                        },
                        "o": {
                          "x": [
                            0.167
                          ],
                          "y": [
                            0.164
                          ]
                        },
                        "t": 0,
                        "s": [
                          0
                        ]
                      },
                      {
                        "t": 59.0000024031193,
                        "s": [
                          360
                        ]
                      }
                    ],
                    "ix": 3
                  },
                  "m": 1,
                  "ix": 2,
                  "nm": "Trim Paths 1",
                  "mn": "ADBE Vector Filter - Trim",
                  "hd": false
                },
                {
                  "ty": "st",
                  "c": {
                    "a": 0,
                    "k": [
                      1,
                      0.2353,
                      0,
                      1
                    ],
                    "ix": 3
                  },
                  "o": {
                    "a": 0,
                    "k": 100,
                    "ix": 4
                  },
                  "w": {
                    "a": 0,
                    "k": 18,
                    "ix": 5
                  },
                  "lc": 2,
                  "lj": 2,
                  "bm": 0,
                  "nm": "Stroke 1",
                  "mn": "ADBE Vector Graphic - Stroke",
                  "hd": false
                },
                {
                  "ty": "tr",
                  "p": {
                    "a": 0,
                    "k": [
                      0.576,
                      4.576
                    ],
                    "ix": 2
                  },
                  "a": {
                    "a": 0,
                    "k": [
                      0,
                      0
                    ],
                    "ix": 1
                  },
                  "s": {
                    "a": 0,
                    "k": [
                      100,
                      100
                    ],
                    "ix": 3
                  },
                  "r": {
                    "a": 0,
                    "k": 0,
                    "ix": 6
                  },
                  "o": {
                    "a": 0,
                    "k": 100,
                    "ix": 7
                  },
                  "sk": {
                    "a": 0,
                    "k": 0,
                    "ix": 4
                  },
                  "sa": {
                    "a": 0,
                    "k": 0,
                    "ix": 5
                  },
                  "nm": "Transform"
                }
              ],
              "nm": "Ellipse 1",
              "np": 3,
              "cix": 2,
              "bm": 0,
              "ix": 1,
              "mn": "ADBE Vector Group",
              "hd": false
            }
          ],
          "ip": 0,
          "op": 90.0000036657751,
          "st": 0,
          "bm": 0
        }
      ]
    }
  ],
  "layers": [
    {
      "ddd": 0,
      "ind": 1,
      "ty": 0,
      "nm": "Pre-comp 1",
      "refId": "comp_0",
      "sr": 1,
      "ks": {
        "o": {
          "a": 0,
          "k": 100,
          "ix": 11
        },
        "r": {
          "a": 0,
          "k": 180,
          "ix": 10
        },
        "p": {
          "a": 0,
          "k": [
            50,
            50,
            0
          ],
          "ix": 2
        },
        "a": {
          "a": 0,
          "k": [
            62,
            62,
            0
          ],
          "ix": 1
        },
        "s": {
          "a": 0,
          "k": [
            75,
            75,
            100
          ],
          "ix": 6
        }
      },
      "ao": 0,
      "w": 124,
      "h": 124,
      "ip": 0,
      "op": 60.0000024438501,
      "st": 0,
      "bm": 0
    }
  ],
  "markers": []
}